<?xml version="1.0" encoding="utf-8"?>

<PACKAGE>
  <PACKAGEHEAD>
    <BBH>2.0</BBH>
    <SJBBH>4106210000002012110200001</SJBBH>
    <SJBLX>01</SJBLX>
    <DWDM></DWDM>
    <DWMC></DWMC>
    <JLS>20</JLS>
    <FSSJ>20121102154939</FSSJ>
  </PACKAGEHEAD>
  <DATA>
    <RECORD>
      <ID>1</ID>
      <ZJZL>01</ZJZL>
      <ZJHM>410621196602181047</ZJHM>
      <XB>2</XB>
      <XM>张春社</XM>
      <YWMC></YWMC>
      <DZ>河南省浚县善堂镇吴村２６号</DZ>
      <XZQHBH>410621</XZQHBH>
    </RECORD>
    <RECORD>
      <ID>2</ID>
      <ZJZL>01</ZJZL>
      <ZJHM>410621196002101023</ZJHM>
      <XB>2</XB>
      <XM>单春印</XM>
      <YWMC></YWMC>
      <DZ>河南省浚县善堂镇吴村５９号</DZ>
      <XZQHBH>410621</XZQHBH>
    </RECORD>
    <RECORD>
      <ID>3</ID>
      <ZJZL>01</ZJZL>
      <ZJHM>410621197910301068</ZJHM>
      <XB>2</XB>
      <XM>张姣风</XM>
      <YWMC></YWMC>
      <DZ>河南省浚县善堂镇吴村２０８号</DZ>
      <XZQHBH>410621</XZQHBH>
    </RECORD>
    <RECORD>
      <ID>4</ID>
      <ZJZL>01</ZJZL>
      <ZJHM>410621197902231020</ZJHM>
      <XB>2</XB>
      <XM>王学字</XM>
      <YWMC></YWMC>
      <DZ>河南省浚县善堂镇石佛铺村１３４号</DZ>
      <XZQHBH>410621</XZQHBH>
    </RECORD>
    <RECORD>
      <ID>5</ID>
      <ZJZL>01</ZJZL>
      <ZJHM>410621196404161133</ZJHM>
      <XB>1</XB>
      <XM>潘连喜</XM>
      <YWMC></YWMC>
      <DZ>河南省浚县善堂镇吴村９９号</DZ>
      <XZQHBH>410621</XZQHBH>
    </RECORD>
    <RECORD>
      <ID>6</ID>
      <ZJZL>01</ZJZL>
      <ZJHM>410621197311231088</ZJHM>
      <XB>2</XB>
      <XM>任晓容</XM>
      <YWMC></YWMC>
      <DZ>河南省浚县善堂镇吴村７８号</DZ>
      <XZQHBH>410621</XZQHBH>
    </RECORD>
    <RECORD>
      <ID>7</ID>
      <ZJZL>01</ZJZL>
      <ZJHM>410621198706051027</ZJHM>
      <XB>2</XB>
      <XM>周军霞</XM>
      <YWMC></YWMC>
      <DZ>河南省浚县善堂镇周庄２５９号</DZ>
      <XZQHBH>410621</XZQHBH>
    </RECORD>
    <RECORD>
      <ID>8</ID>
      <ZJZL>01</ZJZL>
      <ZJHM>410621197404261104</ZJHM>
      <XB>2</XB>
      <XM>周海霞</XM>
      <YWMC></YWMC>
      <DZ>河南省浚县善堂镇周庄２５６号</DZ>
      <XZQHBH>410621</XZQHBH>
    </RECORD>
    <RECORD>
      <ID>9</ID>
      <ZJZL>01</ZJZL>
      <ZJHM>410621199608281069</ZJHM>
      <XB>2</XB>
      <XM>张莉</XM>
      <YWMC></YWMC>
      <DZ>河南省浚县善堂镇吴村２７号</DZ>
      <XZQHBH>410621</XZQHBH>
    </RECORD>
    <RECORD>
      <ID>10</ID>
      <ZJZL>01</ZJZL>
      <ZJHM>410621198901171032</ZJHM>
      <XB>1</XB>
      <XM>翟彦杰</XM>
      <YWMC></YWMC>
      <DZ>河南省浚县善堂镇吴村１７０号</DZ>
      <XZQHBH>410621</XZQHBH>
    </RECORD>
    <RECORD>
      <ID>11</ID>
      <ZJZL>01</ZJZL>
      <ZJHM>410621195301211017</ZJHM>
      <XB>1</XB>
      <XM>翟合成</XM>
      <YWMC></YWMC>
      <DZ>河南省浚县善堂镇吴村１９０号</DZ>
      <XZQHBH>410621</XZQHBH>
    </RECORD>
    <RECORD>
      <ID>12</ID>
      <ZJZL>01</ZJZL>
      <ZJHM>41062119710916108X</ZJHM>
      <XB>2</XB>
      <XM>张风利</XM>
      <YWMC></YWMC>
      <DZ>河南省浚县善堂镇迎阳铺村</DZ>
      <XZQHBH>410621</XZQHBH>
    </RECORD>
    <RECORD>
      <ID>13</ID>
      <ZJZL>01</ZJZL>
      <ZJHM>410621197506251046</ZJHM>
      <XB>2</XB>
      <XM>张素英</XM>
      <YWMC></YWMC>
      <DZ>河南省浚县善堂镇吴村２２号</DZ>
      <XZQHBH>410621</XZQHBH>
    </RECORD>
    <RECORD>
      <ID>14</ID>
      <ZJZL>01</ZJZL>
      <ZJHM>41062119780419107X</ZJHM>
      <XB>1</XB>
      <XM>周国红</XM>
      <YWMC></YWMC>
      <DZ>河南省浚县善堂镇吴村１３９号</DZ>
      <XZQHBH>410621</XZQHBH>
    </RECORD>
    <RECORD>
      <ID>15</ID>
      <ZJZL>01</ZJZL>
      <ZJHM>410621197308211115</ZJHM>
      <XB>1</XB>
      <XM>周甫军</XM>
      <YWMC></YWMC>
      <DZ>河南省浚县善堂镇吴村１４７号</DZ>
      <XZQHBH>410621</XZQHBH>
    </RECORD>
    <RECORD>
      <ID>16</ID>
      <ZJZL>01</ZJZL>
      <ZJHM>410621197301111066</ZJHM>
      <XB>2</XB>
      <XM>邢风军</XM>
      <YWMC></YWMC>
      <DZ>河南省浚县善堂镇吴村１０９号</DZ>
      <XZQHBH>410621</XZQHBH>
    </RECORD>
    <RECORD>
      <ID>17</ID>
      <ZJZL>01</ZJZL>
      <ZJHM>41062119680229103X</ZJHM>
      <XB>1</XB>
      <XM>耿永军</XM>
      <YWMC></YWMC>
      <DZ>河南省浚县善堂镇吴村１５８号</DZ>
      <XZQHBH>410621</XZQHBH>
    </RECORD>
    <RECORD>
      <ID>18</ID>
      <ZJZL>01</ZJZL>
      <ZJHM>410621196810091054</ZJHM>
      <XB>1</XB>
      <XM>王永生</XM>
      <YWMC></YWMC>
      <DZ>河南省浚县善堂镇吴村５４号</DZ>
      <XZQHBH>410621</XZQHBH>
    </RECORD>
    <RECORD>
      <ID>19</ID>
      <ZJZL>01</ZJZL>
      <ZJHM>410621196202051024</ZJHM>
      <XB>2</XB>
      <XM>樊贵荣</XM>
      <YWMC></YWMC>
      <DZ>河南省浚县善堂镇吴村１３７号</DZ>
      <XZQHBH>410621</XZQHBH>
    </RECORD>
    <RECORD>
      <ID>20</ID>
      <ZJZL>01</ZJZL>
      <ZJHM>41062119740227119X</ZJHM>
      <XB>1</XB>
      <XM>张铁书</XM>
      <YWMC></YWMC>
      <DZ>河南省浚县善堂镇吴村９号</DZ>
      <XZQHBH>410621</XZQHBH>
    </RECORD>
  </DATA>
</PACKAGE>
