<?xml version="1.0" encoding="UTF-8"?>

<Package>
  <PackageHead>
    <BBH>2.0</BBH>
    <SJBBH>4106210000002012110200009</SJBBH>
    <SJBLX>02</SJBLX>
    <DWDM>410621000000</DWDM>
    <DWMC>中国建设银行郑州分行</DWMC>
    <JLS>1</JLS>
    <FSSJ>20121102035400</FSSJ>
  </PackageHead>
  <Data>
    <Record>
	  <XH>1</XH>
      <XM>张春江</XM>
      <ZJHM>410611197602131047</ZJHM>
      <XZQHBH>410621</XZQHBH>
      <SFKK>0</SFKK>
      <YY>身份证号码与姓名不一致，不能开卡</YY>
      <BZ></BZ>
    </Record>
  </Data>
</Package>
